Ticker,Mean,Std,Skewness,Kurtosis,Min,Max
TFC,-0.0001721139065379013,0.011284458219473511,-1.136206305338563,21.657059179991958,-0.15327253066950774,0.07598193857135663
F,-0.000259265403864756,0.015967881381948393,-1.2486268989172151,19.20818458211223,-0.20854285354224453,0.11296851750436877
AON,6.587815790305656e-05,0.010993408800056823,-0.1513449998992705,17.960696268548247,-0.1284357787375755,0.09123188201981586
BALL,-1.9668985626717065e-05,0.013821157502106773,-0.581787147235942,26.561665569043534,-0.20613909953255663,0.1388625179787836
IBKR,3.995712007842196e-05,0.014769073758039854,-0.16565238770794186,4.643133227204835,-0.11063061921581396,0.09849799918676311
PSKY,-0.000497086467687965,0.023892320661853914,-2.175718138227849,34.22738561917587,-0.32873319111914484,0.15730323716909578
UNP,-1.491963936111081e-05,0.010993408543137089,0.265461128334423,8.84916022214511,-0.07631366170206903,0.09830874619778945
AXON,0.00017600730765001947,0.02638745895523031,0.8445354304882472,15.879945897189263,-0.19439962557091098,0.254272716329903
DVA,4.81945830960586e-05,0.01777365201729092,-3.0240302052559818,56.83811546624891,-0.3319743285108937,0.13154083349417064
VMC,-1.5445753916938527e-05,0.01433737904576549,0.4679132471215854,9.253997085997002,-0.10056937461524214,0.14232303893373713
DOV,-3.4735576347009525e-05,0.009667500613460224,0.09837525446560652,7.99606883231152,-0.08295216245498165,0.07991445553298579
MET,-9.731423906088544e-05,0.00976771004389605,-0.3265606241071044,14.738750678381628,-0.09015157382593958,0.10585615004188546
INTC,-4.3813700146586665e-05,0.01696303781211377,-1.9671961173622001,33.348417685254866,-0.26626320765360306,0.12448082014483738
CVX,-0.00016042636418675394,0.010566473897044836,-0.8469761178079082,25.04959434358031,-0.15678391794595786,0.09225030425175564
EIX,8.899609357551462e-06,0.01189462088818377,-1.5889253498084885,29.514244390621105,-0.13465834574946728,0.12856285189007052
AVGO,0.0002878555419912684,0.015636656132456808,1.3617865813864878,23.851014820920007,-0.16081029447043677,0.21666951219127084
PEG,4.2475372863627305e-05,0.008985286275924563,-0.14481414680448595,5.848211296479846,-0.06780771922467677,0.06631261844027138
MCK,4.903912935656709e-05,0.014780269318773898,-2.070294615267026,38.757596572020475,-0.254137454875847,0.1069601980638315
ROL,0.00021248242966978418,0.012427243533832334,-0.8900291003964241,13.734730883764563,-0.11072323371507187,0.0932587226553711
DPZ,0.00017295517311943285,0.016484593848595616,0.8280478429497945,23.02645666366777,-0.13982271829230658,0.22916364236925987
BRO,0.000163290145543883,0.009480618908452209,-2.3022549534469086,39.324491390143216,-0.16148018050701046,0.06514047537121537
CMCSA,-7.41596446016035e-05,0.012426167113268327,-0.7281449596665733,8.614951277876122,-0.10780429343023278,0.0807385679535198
DLTR,-0.00018605463389715266,0.019476307852443493,-1.459183358874943,27.902494379435254,-0.2491161480972464,0.18037923714465162
MCD,5.682524427682413e-05,0.009321783446551173,0.19806191324990188,8.651085521917173,-0.06349510014733088,0.07495527194292384
TT,4.4061834868333487e-05,0.011027111966857147,0.4961598404810106,9.558317945393895,-0.08336762023417463,0.10076395049247312
MTCH,-1.1360826346506314e-05,0.02377687082584146,-0.9083083999205511,18.247272484283027,-0.2566958856196191,0.2009162421710303
EQR,5.383003530777666e-07,0.009778261698128284,-0.20096864943548984,7.52287002207305,-0.08188713731139044,0.08822616392481972
NOC,0.00017555258212525259,0.01194825316483145,-0.05914746816711675,8.09776554120677,-0.08256039414828008,0.09548186463195353
KMB,1.4813044514899699e-06,0.009676221175444512,0.6878555754875737,20.260334981985153,-0.07008508901610913,0.12805041083059052
ES,5.8803721505354634e-05,0.008488411714414529,-0.3308933192058202,8.205425964774346,-0.07203746957361312,0.06412496142816132
CSGP,-0.00012388404060182623,0.015064379300683155,0.5057191217872221,11.672861823737428,-0.13762625881837062,0.13085716431467223
AMAT,0.00012048878613805814,0.014628323364381269,0.30510070106232196,5.638270453967943,-0.08223551024391726,0.11539128715916153
IRM,4.977940826416794e-05,0.014061160752838925,0.6770682935489883,18.458466668086793,-0.11153987386441998,0.18146918387550304
ED,0.0001090400198516484,0.0077188908288033,0.5078900270116231,19.247471407063603,-0.07644958341103007,0.10638170983463544
LMT,0.00016316436593007656,0.010801824189338595,0.3050430577813569,18.22663885600851,-0.12596323482879554,0.11134984840152409
COP,-0.00020100235063879934,0.01247115352871275,0.040821609368987884,8.450459303659283,-0.11334785501276581,0.09857701818724919
MCO,2.435950484687417e-05,0.010092849204423916,-0.4392776476388334,7.875767803326115,-0.07709933300960778,0.07150898917549081
NSC,-1.7032824251292208e-06,0.012111382687330186,0.5922111889660857,9.532940725385323,-0.07671573305735166,0.11558832705769811
CMS,0.00011058680063435474,0.007133963453762907,-0.28712355387757216,7.751427618838994,-0.06605590252343234,0.06574654606656714
TXN,0.0001583850279480854,0.010498295718660155,-0.10581880291792081,8.587186706703678,-0.0843281292041944,0.08102124563667165
EPAM,-7.567427884652963e-05,0.02447164665077843,-6.66414061726176,149.37772189040527,-0.5964630831234548,0.1537179240313454
APO,-5.523502543279338e-05,0.0164642119824786,0.6633604415504575,11.240105851087018,-0.09742177225552366,0.20417622864087057
TER,0.0002817849523848395,0.015376341433992203,-1.478237687791932,30.899904303196212,-0.2191993647769253,0.15773235739358787
CCI,6.834937040949263e-07,0.01068598219323823,-0.3027994099930611,4.421037937110286,-0.07104727460146411,0.04980937043187977
DLR,0.00016797239698583113,0.01294981648207627,-0.052550277759081616,5.095297303068868,-0.07623537810155576,0.09699110325576853
TEL,-5.262799440189881e-05,0.009491956698953485,-0.36621825527761104,9.459239016156982,-0.09475885145536597,0.06862019459529885
ADI,6.050735787321835e-05,0.011824527048536924,0.4599555620678601,10.717395685409778,-0.09090192874245717,0.10656723746891207
GPC,-8.573673285002869e-05,0.012032659721327967,-3.5348252607717114,65.89712731404784,-0.23036619219245552,0.10799080518135
ITW,-1.2409580429655222e-05,0.008263356020209328,-0.3892240059057418,14.384346421057714,-0.07485183140481808,0.08962809661600948
LEN,-0.00022626262041894335,0.016672062615130656,-0.1493683961837149,6.9664762187107545,-0.14273418154842993,0.1258341808087014
SNPS,0.00023342425951237714,0.010572913671672117,-0.16193274143486427,14.50510280217555,-0.10987442474382728,0.08104121713491795
CBRE,-0.00012765832185921482,0.013186706238855282,0.31675097558070536,15.42421573839528,-0.12582143374170593,0.13993339139191208
IT,3.342212943914403e-05,0.013539053976041375,-0.5324811528963149,37.90082065328633,-0.20982473815351588,0.13593889918220942
ATO,0.00011684802589009143,0.00825841677277485,0.2177231566494327,9.65195656864182,-0.06351259089897433,0.0890424814692742
FIS,-7.875375908128787e-05,0.013721679309750483,-5.54376679845528,118.99152146521733,-0.31915434641244145,0.08697482282597391
ECL,-6.687766891427384e-05,0.010124931953719454,-0.4997435274093469,22.462903380345484,-0.09284780735896768,0.10461640637733641
EG,-1.330951321420011e-06,0.01234613884121192,-0.29375658220893286,8.307704020570561,-0.09948823701974416,0.09247972813792621
WBD,-0.00037778394170478357,0.02326175382294899,-1.64477913972599,20.672019957679563,-0.3251859752691794,0.1425002171729769
CCL,-0.00046767031055707447,0.02140122307742339,-1.7716501899679815,22.81880120296812,-0.2558524817572313,0.1633585673839812
ETN,5.1920497792190705e-05,0.0102338312374718,-0.4288079867035327,10.832721532016045,-0.08929984663418225,0.08915391429208534
STLD,-7.739567924822174e-05,0.017533483456034542,0.05866893128402796,3.480786410094646,-0.10212238803631685,0.1117273256110573
CAH,-4.6196832441266393e-05,0.014635160433457518,-2.2645910439448658,33.968972623417756,-0.2325957487479208,0.10488118325137698
CPAY,-7.853873018529081e-05,0.013908730899385473,0.11569506656025187,11.596119104680557,-0.11769418689042442,0.10416447949031284
MRK,-2.4222379957319676e-05,0.011294846962960542,-0.14683375370228594,11.478130005049595,-0.11056717750821206,0.09565395483123552
INCY,2.0302737036461237e-05,0.02042996840914852,-0.5204463487117681,10.539973194828729,-0.2355545999614592,0.12232048110916172
KLAC,0.00019577819878465215,0.014286857630953654,0.23254599749081015,15.117404038418012,-0.11438552320358415,0.17514852107592854
USB,-0.00015781457554403888,0.009821131119759451,-0.11131032549182134,9.89884883463388,-0.07359862784747467,0.07561869503472175
DTE,-4.0368288433853784e-05,0.007454562286894472,0.008773328054696319,9.472371189899347,-0.05993913365252912,0.08217904726609042
MU,-0.00021908232843120088,0.020061729550407713,-0.1818346115662459,6.710116293930003,-0.18185659142592958,0.12297635712495382
NRG,-6.491730015246395e-05,0.01957155868767073,-0.3520170232108366,16.60125515460376,-0.18913752249706145,0.22774910275955665
TTWO,0.0004279108807085806,0.018050140892598876,0.02233450215707549,12.324762347228349,-0.15072628447064934,0.17179144494633744
ULTA,-9.774618097317192e-05,0.019418414813209196,-2.138534693013138,48.89656489416286,-0.3522052334199748,0.15386775412136786
TPR,-8.119761924157493e-05,0.019837535152968277,-0.856563448397932,23.715794725350076,-0.24190190507794584,0.16788066151179615
TJX,-2.2063091008823367e-05,0.011925866970322939,0.42731653242665835,11.729717219851814,-0.1157969576726963,0.11104272277676272
HON,1.705013055270185e-05,0.008292468423414965,-0.8029843765030612,13.015952958255784,-0.08432578957872701,0.05194806855528504
BMY,9.254206170307327e-05,0.013663619573709571,-1.4208330597232786,21.15245722310424,-0.17688033310163362,0.0996103230218298
DXCM,-6.855268245898507e-05,0.026522617556118656,-3.011640271604678,77.96869097131953,-0.5236148636946928,0.24130909419196686
GEN,0.00012989741382871077,0.01876499204135263,-3.51581427588847,83.78304293343237,-0.3985141432674875,0.13885022957674706
UHS,-0.0001559540150953641,0.015964951741485916,-0.5339328633690339,14.04060738887307,-0.13669956120003313,0.14233794214005044
MCHP,-1.785529941870023e-05,0.013518083926629164,-0.18319787953824604,11.033719801626539,-0.10862953019676402,0.12791931794409628
CB,1.1372423267023622e-05,0.009433953984318334,0.5358633506711621,10.611372031408116,-0.07284609457146696,0.08243399259956798
AMCR,-3.676076285608088e-05,0.012837964500398634,1.6684807255204879,37.27877693317199,-0.09628281767168492,0.187113413680944
SJM,7.940795735556796e-05,0.012029589344962992,-0.04783112479766386,14.899974092304266,-0.0960511867646806,0.13086674115336747
PPL,-2.8795151311270653e-05,0.008866919784933197,-0.6219577564025178,9.027827667981054,-0.07589061247988459,0.05959532643207151
PHM,-0.00017264365720039729,0.016289796503523708,-0.6524424867194609,6.834981940634515,-0.15007823309842183,0.10012014893371544
PH,-2.3037787258717868e-05,0.01039589654115188,0.21000152426810073,6.541677942317227,-0.07185624590186149,0.07220535784648154
AME,7.270891094548581e-05,0.008707717558511723,0.5396211752094735,18.399629875526326,-0.07252291639340985,0.09782966200882591
GE,-0.00012588978661613121,0.01584344591851899,0.33358387952029234,9.32088861526327,-0.11303520123008637,0.11819464219990448
LVS,-0.0002992665136423401,0.01802910681764401,0.00864148912717363,6.530210976166439,-0.14308635892087146,0.12633844678745118
AFL,-6.941029385648584e-05,0.009356161477988267,1.25429616792059,60.72275259954245,-0.10448955379963684,0.1758637201856542
DGX,7.593799840903463e-05,0.012014745093909594,-0.20785638306344323,9.511310396035674,-0.09596281106002469,0.08023618516324266
ON,-0.0001160436909751598,0.01815822584657985,-0.9301357208788221,21.004693183184244,-0.24300530345418672,0.12169448988691076
PM,2.2380486409906282e-05,0.011445287082493417,-0.93602384142396,20.474626209873183,-0.15757316200404745,0.10032111278574982
CHTR,-7.548019548496658e-05,0.017089977243812404,-0.49557296922775423,14.522266694768906,-0.17367629919723016,0.13706155978904758
SHW,7.338524637988685e-05,0.011758846994554225,-0.5490609316134953,15.291574195294107,-0.10950133747548187,0.11321129810520707
NVDA,0.0005252042679588884,0.018874526673915,1.1368128365910377,23.289331348363753,-0.20356565328057502,0.24752125192205862
AMT,-2.640352892996933e-05,0.010656301220072507,0.17761474511289757,3.7992733543989465,-0.05325562173129697,0.07728815544385105
KR,0.00017540793621289948,0.016257118053655328,-0.8244382020805485,17.610829354540805,-0.209532711116616,0.10929258945676582
HCA,-9.476768800636557e-05,0.015943533171321828,-0.8313506030372091,19.734046090935202,-0.21172873967483474,0.10909943360481
TRGP,-0.000487396681889052,0.020572900356805417,-3.1874509346338584,64.59076958125497,-0.39875510065882547,0.18246506159088427
SBAC,-2.216826367535876e-05,0.01231553170493271,-0.12260602128744531,3.533742739966495,-0.06812970433438836,0.06771554976856717
TMUS,6.16502629855995e-05,0.01425028454850411,0.3607735438175152,7.5572162639984555,-0.09128609501175104,0.11024153558482377
ZBH,-0.00015336436452906843,0.01298036419514797,-0.7542009486093937,17.74504733353832,-0.15382406697051887,0.1078584103212539
MAA,5.14848185702081e-05,0.009432812424586483,-0.44611091424627397,5.508963390430653,-0.07785990131322176,0.05371590071647311
KKR,-6.480056245722415e-05,0.014287702091755053,0.15535182550128912,3.7907431581257813,-0.08145090879792966,0.09612120410696465
ALL,5.83360341829678e-05,0.01066486400330543,-1.0675267505981734,16.159812121655023,-0.12225578591763656,0.0653717751291956
KIM,-0.0002522129855022382,0.012490976585541096,-0.024896621813836176,9.269804103841853,-0.10249154285616863,0.1249583107858166
BSX,7.607320631028933e-05,0.01232097488151663,0.5120672887720655,10.253776747349306,-0.08351254440401815,0.11099760700845655
MTB,-3.3317241982618886e-05,0.011501791168103508,-0.29641033181435544,14.854609168232582,-0.13761222459853975,0.09386451161476908
WDC,-0.00024274394274545068,0.020262547521139693,-0.4182035573287257,9.525464052482313,-0.1765852273999517,0.11962731153321375
T,-1.3146464177399572e-05,0.011175334495754547,-0.42522608359523195,12.49090396571887,-0.10729004287589003,0.08788953934259945
DRI,-0.00016554830020175043,0.015311093081244441,-0.13834667032033177,19.920117814584522,-0.19008146061742126,0.14082918947884937
LULU,0.00018944928219837278,0.020956204461210666,-0.9123701640236132,22.761142739752042,-0.2675870072488693,0.14381390434465022
SWKS,9.765986731358092e-05,0.015947452035873905,0.13344695737003814,9.912305141274075,-0.1504420817941689,0.11963099587940279
AVB,-1.1082880281749429e-05,0.009499881148928123,-0.6832168039193481,11.057079959053278,-0.10505378167961166,0.06471979448114942
BR,0.0001144076550252454,0.010229228015139133,-0.05824979002342762,16.584663872972943,-0.10698273963879297,0.10013535399915445
PPG,-0.00022162637963161103,0.010649791858924083,-0.7385323647360941,10.468053463345884,-0.09955182511027592,0.07439452427208287
NDAQ,0.00014671064020605615,0.010297055728448532,-0.8333307672931258,13.262675264883534,-0.1330793577364683,0.06846686371505661
WMB,-0.0003422913744103258,0.01742187112992204,-0.05992675926994396,45.87086559832695,-0.2610710468612365,0.2211012466093219
LNT,8.622183735164031e-05,0.007352789818796778,-0.12007692328412813,5.18371007390248,-0.05690744913383906,0.05183695339720716
MSCI,0.00010163915428006251,0.012508773989775688,-0.7093640671507982,17.589141512887053,-0.15703678940765037,0.08996840232730285
PG,7.506502051991706e-05,0.008162974266554584,0.43685722456664905,12.6293824426221,-0.06580045142845961,0.085798413204249
CHRW,0.0002099635438626603,0.014387196576574985,-0.986708844883478,20.386085926508503,-0.1558177548597141,0.1410091182983058
AEP,4.624584664374767e-05,0.007681283868728251,-0.3114814091570328,6.298524406768008,-0.06002197602057645,0.05124914350152723
CDNS,0.00034446739253743023,0.011901579554466737,1.17925387556474,20.39211179232775,-0.09219955669680001,0.14760404560628268
ESS,3.3595173524970568e-06,0.010285187639087864,-0.3912338153670568,5.765097879552805,-0.09448303664822662,0.06154860749711656
GPN,-0.00011140543204590834,0.013780937770961604,-0.5958080679309561,13.784290399784819,-0.12080672467980827,0.09578903689999033
BKNG,-1.365440702990312e-05,0.014183705627655281,-0.7432703552224224,13.170947600581663,-0.14518486756708773,0.11052384629779241
LHX,3.67242452570963e-05,0.012349876995106337,0.7384707328816703,12.168968740374781,-0.09285582409754817,0.11714592337813427
ETR,0.00012777794873146067,0.009141085252488294,1.175542178488587,30.47395832866651,-0.08689398207802371,0.14154903742387762
ADSK,0.00010700620449056989,0.015231833053003952,-0.33981440217129527,19.978883558982744,-0.1763084911730186,0.1251259818116836
PEP,3.559951606790882e-05,0.0075594723467532566,0.25456481186652735,9.248525748927332,-0.0591372913031197,0.07015084851578156
AWK,7.932449438690708e-05,0.008510689235086,-0.18505275100025687,7.400464958590508,-0.07031358941601462,0.07492618491868518
FDS,0.00013132623215549908,0.011352698762858543,-0.3409765304300133,16.392464950638463,-0.09709724838858003,0.1301932440181188
CI,-6.722604914085631e-06,0.015403258690269098,0.3608962149994288,14.336323542000073,-0.12573467469283967,0.14498011063179023
HPQ,-0.00010856832681055606,0.01606124535890786,-0.7225639407922422,21.70258740873967,-0.18424689053759086,0.15144390352600617
FFIV,0.000238775540110449,0.014271076528775446,-0.20562387802736662,16.27642316271042,-0.1365535313156643,0.12344340259246935
EOG,-8.509858355920088e-05,0.013436292628177006,0.4252781804221842,4.528787005889807,-0.07051329561289703,0.09591218710101279
GNRC,3.737921784579627e-05,0.02140707483605474,-1.0338499534932029,20.26926962235269,-0.27257404915094585,0.1368073060245541
MLM,1.860175724009152e-05,0.014763572593966205,0.4636078119573642,7.816805592144988,-0.09356840074592358,0.13126033101487153
O,-0.00013066171791722219,0.010014117660840344,-3.1765714644279734,47.16215476367965,-0.16541310385577135,0.06808688736524499
REGN,7.136407401879464e-05,0.017121955990238587,0.5903637701866977,7.513807257932914,-0.09868269835722447,0.16832364614290463
PSA,8.41243445407904e-05,0.010253223525561716,-0.5515601880288181,4.115028206593847,-0.0659637550417206,0.04791461042013238
SLB,-0.00019033994802802987,0.012742861556451912,0.1405476609532195,5.110076501847457,-0.08669826572014036,0.08797953290683619
IEX,1.7255916230976133e-05,0.009104956141550814,0.35836455563118585,8.353110090352153,-0.06363130127233992,0.07797548808118095
OMC,-0.00020839187732191945,0.011895823614330232,-0.8837503230558023,16.022627556166338,-0.11389938642000454,0.12404037308399632
ARE,-0.00012137211931630895,0.010036780373354955,-0.44823397807791543,4.751641262312091,-0.06512827351832184,0.05605391713310531
CPRT,9.20837023618927e-05,0.011736004427364756,-0.12977594817194676,21.570593252465503,-0.14306628179283318,0.11049245283792668
CINF,0.00013493127221867664,0.011821856493377773,-1.4779269785655516,31.118886974532113,-0.16021603974605295,0.09935327157805429
IDXX,0.00016247032065497364,0.014359786766882984,-0.4610480965621093,21.312229407124654,-0.18451783961141976,0.13137976838431517
XEL,0.00013504646593012087,0.007684813720126479,-0.7103143971997253,13.194326354737711,-0.08834053319738616,0.056355512850974884
NXPI,-0.00016026988855031272,0.016169461970107383,0.011435673397679038,17.332438345344137,-0.19520826814198045,0.16435992818482514
VRSK,0.00016683476224808378,0.010008389754717108,-1.132007785050478,20.908681657898608,-0.1139302929669176,0.07700789771200993
UPS,-3.309310970387592e-06,0.012294686887052247,0.28785556296226505,24.26263471188586,-0.1222969167865303,0.14036912325432438
KMI,-0.00015859880457847565,0.012081809309887805,-0.6643065617289178,16.04647563051611,-0.1365351209174883,0.09580935724879748
NEE,7.810414620227474e-05,0.010135660759217619,-0.8610422549439791,9.722729241602229,-0.08640034700558562,0.06441121700978703
PANW,0.0002120118108556625,0.02046142154655861,-2.3091085889200578,45.44733040030531,-0.3269480127765434,0.16505666807232022
LIN,4.287999008686365e-06,0.009596090053525245,0.08107440842159248,4.273775074485373,-0.05971588801269784,0.0517605181116678
ABT,0.0001228570333039019,0.010234889626915744,-0.17774555372051795,10.230783025313164,-0.09459651121734569,0.0808162756078353
HOLX,3.901571457924352e-05,0.01310124520313582,-0.3334483810694939,9.67476322692551,-0.10573683788307829,0.09108992089927573
FITB,-0.0002870076086871582,0.011385777604063382,-0.531973840157106,9.899648189989124,-0.10072534627363997,0.09637004315759905
MAS,-6.820695833961771e-05,0.012434055263878575,0.0854748983487848,8.45494098646286,-0.09614630841671912,0.08616992189062012
VZ,1.3213950530371e-05,0.009882988977442686,-0.25874881616323947,9.09936007298025,-0.07671379802506974,0.0830506839397547
BKR,-5.914359325768664e-05,0.016106723551119386,0.3769301337600746,5.876976583651741,-0.09262509566404983,0.1490128902858133
IBM,0.00012092185245138203,0.011114419869911208,-0.9253175737179391,16.949440845022828,-0.09857442754267198,0.08548095928718968
POOL,4.844444772032041e-05,0.013790683769663572,-0.23042149420437827,13.585029692607794,-0.1341301285206517,0.11834916889882544
LLY,0.00028549819078348707,0.014588764421245995,0.8877746437180133,13.137891213939078,-0.11076553171568328,0.14319093002261252
KDP,3.154492513147681e-05,0.012058559784567555,3.0570254919032975,56.070571254862706,-0.09235259236468815,0.2096353299211036
PWR,6.0915151604021785e-05,0.01559964904685134,-3.3042468430502647,76.58709640959181,-0.32500564292711925,0.10457443757546918
BLK,0.000111064288774135,0.00950816651781803,0.3983908769290962,9.058313946275804,-0.06865981111656426,0.09592760178517568
AKAM,0.0001508152767456487,0.016729640802733304,-0.5811836719353614,39.12095293667233,-0.20363253055015307,0.18409987782634732
ADBE,0.00020156998551126886,0.013663023588790827,-1.0557081490650893,25.789156785357086,-0.16140020883583614,0.13500586694853906
ACN,0.0001348106963241681,0.009959660515273108,0.015881442972124096,15.664806902911522,-0.10646571546547973,0.07465369613448147
COF,-0.0002391577046889364,0.012529590972282055,-0.4380545221364503,14.420875838539065,-0.13143565071354268,0.10745865430780824
MOH,0.0001107369708083871,0.02093219767133475,0.14774737151268846,16.01063844690977,-0.19512051876082118,0.173047992964709
BA,-0.00032200006494641003,0.01750864695796888,0.021524904142795207,12.187973469834022,-0.15122828288778678,0.15931762761652565
CMI,-4.13569746132412e-05,0.011375903707090101,-0.5369851042339399,11.965766046635098,-0.10027060256518802,0.10493692408616137
AAPL,0.00019847027668786022,0.012506336953682137,0.23555834229888312,5.896827908367557,-0.0885800083166732,0.09509781201188851
DD,-0.00015860529813838594,0.012992930810940464,0.07656766059410015,22.16024736998876,-0.15152208566570616,0.1485272451545397
UNH,0.0001242466117663996,0.012587308977599404,0.3025165961918537,8.992597378143097,-0.09297775157441696,0.1259053500519638
EL,-0.0001729383943286824,0.015976587995243936,-2.0567752412001434,39.01157506446914,-0.2205603130134713,0.13292351408141173
MSFT,0.00019074268417676666,0.010394005228536235,0.4558288940619214,12.190844567433802,-0.08736486483395664,0.1011219417800723
HRL,7.884986649161192e-05,0.01184958353437851,-0.3373987701345081,18.30116267735002,-0.10990195728527632,0.13814893269433715
BAC,-0.00015383626669917197,0.009973118976926904,0.3564012510908928,4.0460591542211315,-0.059416823234479284,0.07088973027234848
TROW,4.4173777895859115e-05,0.0104369800350512,0.1428256831813091,10.406807663567022,-0.07688790905833902,0.09472672392342993
AMP,-3.9179368059087906e-05,0.010132797321816427,0.7026156245465414,12.403623434024048,-0.07744710954421546,0.09842331792032463
TRV,7.162484712705663e-05,0.010188848554294024,-0.594067557013956,18.10400440529617,-0.10061995371652027,0.08836515478549131
UDR,-5.684752396364557e-06,0.009779733616599605,-0.2358973876216254,5.351807197706201,-0.07101743269413796,0.06542738908883997
MDT,-5.742489945416262e-05,0.010248852023003706,-0.7566057320318079,8.863564693695038,-0.09172756858426596,0.055634991279883375
NVR,-2.9442737077583505e-05,0.014971896240613451,0.12586060440384245,12.226685395346323,-0.1336823393575394,0.1449420973610304
MDLZ,-5.574116053337886e-05,0.009457739888275448,0.22192901698914308,7.6873457171611115,-0.07466771787265544,0.07221019415974052
COO,3.129388967721795e-05,0.01255325745593557,0.2995897981116558,11.253892640421128,-0.10459861228899162,0.11320855706849182
PNC,-8.932421915235361e-05,0.009532610417177912,-0.08643756504212502,5.755505950551051,-0.06576491944743725,0.06832709785030557
IVZ,-0.00011578105401665628,0.01403530077822799,-1.2187837480667705,34.43676456282131,-0.23502458461088027,0.11759237502239367
AIZ,2.2264203561519148e-05,0.012618941215525053,-0.08116795225862955,26.054652059841658,-0.14249511142382273,0.134246246988793
ROST,-3.123622373152602e-05,0.014730515243179455,-1.548868013756069,37.69713466045102,-0.2515188984358119,0.10645147187260083
ALB,3.4678587278887372e-06,0.02130196803437503,-0.5984613811541646,9.473169266709672,-0.1807531845346482,0.15124174614096042
WEC,0.00014689733517405117,0.007891516906372922,-1.508501484609789,28.00604695313634,-0.11951681303436955,0.06481122622261659
EXR,0.00010048277579578894,0.012297015244855884,-0.16908802917546534,9.512864149191701,-0.0954006246948592,0.10648059917798737
EA,0.00034508626780766486,0.01576918906968652,1.1226609462370694,22.2477137020807,-0.1391290421303461,0.1866004413305303
TDG,-0.00013971346517645998,0.013683979010669181,-0.527946794616352,14.254372632885595,-0.14065752218009792,0.11114765804648882
FANG,-0.0002469675057350329,0.01753020773065145,-0.06759877016821601,9.286335163088854,-0.16182711302681663,0.14293811013109037
RF,-0.00015932339636883774,0.011762929765416829,-0.337523217211746,7.065977136235416,-0.10405042311693143,0.07799056302698694
ORLY,7.501211216447526e-05,0.013327598362318876,-1.3159212425731681,28.986204641235183,-0.20156921015180962,0.10451483087551078
ADP,0.00010010970060443673,0.009408971658201558,-0.4753374553040885,17.206297104967977,-0.0875386696567769,0.0936678953887452
PRU,-0.00018823488253911887,0.00942091323500745,-0.2838577506537213,20.903894095395525,-0.08204067220693395,0.12424518742687951
PNR,-6.809927642977451e-05,0.011773973985510215,-0.9648870430091379,14.846079990453266,-0.13060711577580605,0.0886401727279335
PCG,-0.0003532975653421932,0.022922167725441596,-8.110322186371274,230.58527967728344,-0.6100856967696653,0.30659639776574715
STT,-7.786451128244103e-05,0.012177136808351719,-0.5649735984691243,14.913392850067034,-0.1139951527197235,0.1104295913497855
ALGN,-0.00010037058971258164,0.022336230342351507,-0.949092418794184,41.854623956193755,-0.2929957510072052,0.28379860109303584
ADM,-7.940804848917078e-05,0.012884586187855438,-4.114640796676409,84.01716411798644,-0.2786002798348867,0.08018556656540127
WSM,-8.195517245271583e-05,0.021445489438484042,0.8705076706622109,15.178627999485943,-0.14978164430304985,0.24210819597051586
EVRG,7.767390148823772e-05,0.009216280726103858,-0.7384327551128311,24.828038650616293,-0.12050299851758173,0.10529192124703393
CTSH,8.293363935337209e-06,0.013186898848350568,-1.57301189441041,26.945126565699738,-0.1522780299360354,0.10867582195453734
V,6.61065245886137e-05,0.009613868184864028,0.3134307874879733,9.216688960282754,-0.06489857931596761,0.08952069813540849
BK,-1.5096463296038387e-05,0.010225479505206893,-0.9255161907747178,12.906368960927448,-0.10353583877322672,0.06134782471283415
CSX,1.8249383631065972e-05,0.012444372690421096,1.7913804662904302,37.514011929733634,-0.09676113874951307,0.2129000982020669
BAX,2.402570101809231e-05,0.012831415957683497,-1.7410904606753348,19.645632462244446,-0.13065615587535853,0.08572659722980988
CME,0.00012314717789988587,0.011623005857571457,-0.1715546332355193,6.511821888756833,-0.09879286682267444,0.06522006597334482
TDY,3.579559141430218e-05,0.011553183310972139,-1.8337309259505592,29.224096003064577,-0.17866073921828596,0.06331912082219569
CPT,3.964047296597462e-05,0.00968832624615938,-0.21228979662075612,4.452615534080778,-0.06885981867690524,0.05664246167492623
LH,1.247638588682171e-05,0.012248017269170927,-0.7747092697288741,10.210994560686306,-0.11439826989890095,0.08174078223257131
NKE,-9.023184321833219e-05,0.014260588099724919,-0.791917229432487,36.46828948912062,-0.22357361096814388,0.14103112530683745
CMG,-5.107904647158924e-05,0.018237610117899164,0.31079652305931443,16.5944665310423,-0.15621040105294762,0.20687490726425856
VTRS,-0.00013903989269132183,0.020917373404568555,-1.3619222582093462,30.57249093300086,-0.27954118484854346,0.14950265803245166
GOOG,0.00018847135390486449,0.012530705988201019,0.8525423100810918,14.943859596080745,-0.0974651922865105,0.15143089336351012
HAS,-0.0001303954589718189,0.016944399775888665,0.38694639966487976,18.964016834460185,-0.18101047323593902,0.1492081250379136
NOW,0.00027269761810134167,0.016719024731882495,0.30177596998288314,12.61909032341658,-0.1532921524756375,0.14266941578064035
HSIC,-3.682128894058282e-05,0.012935744617776808,-0.6893956774670215,8.98743503738205,-0.09550961156704561,0.07623142613519461
STZ,-6.32157505075018e-05,0.012783948109921318,-0.5614016724932641,12.2231766857423,-0.13428037775327167,0.08952651327374081
URI,-0.00013553689646496662,0.016905680998266743,-1.0656218080185904,20.10330838840038,-0.22579367406821807,0.12396186262439099
CRL,3.2124958980471584e-05,0.015109046510819266,-0.5923448854879154,10.850894062393358,-0.1332769765637219,0.10819879268403235
WFC,-7.652587316437937e-05,0.011248832351851102,-0.08378039172901264,6.415901017438992,-0.06815832637738915,0.07615946405245505
BEN,-0.00011252993490396816,0.012680370356869143,-0.1647602474467977,18.066600463083883,-0.14221269617021368,0.11855877951511604
NUE,-0.00011877261723013208,0.01526887181755579,-0.1341457726303332,6.207413513992888,-0.12429351680551066,0.09834509865829287
MO,8.569520193083793e-05,0.011421011034124934,-1.0792968593696421,11.00397252003256,-0.09782730772578345,0.0745863722301872
NEM,3.5820011250495374e-05,0.021265559711346457,-0.2766186896993612,6.187560870665077,-0.16077632811286105,0.13415871876762264
WDAY,7.985286991097043e-05,0.017912939687045094,-0.3076247852006144,13.613238525947768,-0.17143527722291907,0.13605547039768445
FISV,5.7326283476596105e-05,0.010201535763745297,-0.39630496965912515,9.366264445752645,-0.09435423548773217,0.07336737071355587
MPC,-0.0002936582894021256,0.01741321781588107,-0.337854440410727,10.349584987988104,-0.17963657945255251,0.15336890360744818
JCI,-1.3119943199747644e-05,0.011799176267700046,-0.5013067656826206,17.334820787511497,-0.1287685830796662,0.12999105633114455
PFE,6.418011077870454e-05,0.012161127844310015,0.3411104748894561,6.259813876953251,-0.0833621774382575,0.09874700428483073
LYB,-0.0001904221909209555,0.013850286923759508,0.7233826546039908,27.29738337402215,-0.1483781970708791,0.20443207162558125
GILD,0.0001279011702869707,0.014468549754729401,-0.45427239667883346,12.189927972305158,-0.15795193092643595,0.10413119894587361
CVS,-0.00013413345724894472,0.014126603083594223,-1.4550132868863423,19.903277304398014,-0.1902046971647188,0.094187994434075
COR,1.91562499421862e-05,0.01335924705902157,-0.3663458012061718,11.758747325746198,-0.13805457306786376,0.11019537762712317
CRM,0.00020712543772242586,0.01572930952676502,0.35559106233213217,31.77000737737144,-0.21081482911114338,0.21569791351320242
HAL,-0.00028140817211627113,0.014844977311730477,-0.3561372139311439,10.622450830127189,-0.12947840260937898,0.12431092571695115
AOS,-3.7484920573549406e-05,0.012283021335323663,0.2183022082761287,9.423767037993976,-0.09603721185683216,0.10953588132809768
EBAY,0.00022879556740448031,0.015382164014863774,-0.3707277792789471,12.669705097551416,-0.1269410150165684,0.13236454716646115
MNST,7.378661890257914e-05,0.015204288711016596,2.075560595637668,48.19763343612161,-0.15012312292255994,0.26548631230467595
SMCI,3.662231320434863e-05,0.03228215019962124,-1.0699282911237755,35.36302975062853,-0.5099189939790869,0.25819377557755535
RVTY,6.997846017211954e-05,0.012795759073724398,-0.9628748470591797,19.672300823566243,-0.1778833127660856,0.09156585613455387
EXPD,9.62015812961442e-05,0.011163173462564005,0.04320968425557336,6.772167322098861,-0.07055711760510812,0.08506704597879869
WAB,-0.00010167268157432169,0.013459067346632077,-0.7851601546115536,14.64510543399114,-0.13713927684501975,0.09445471770087863
STX,-0.00015885343311625603,0.01998803662686736,-1.3439633290747872,18.963775730497552,-0.2148135856086916,0.1624027730765315
STE,1.7305705291335088e-05,0.011792119175634126,0.032191837029301576,11.440024788954618,-0.10826766119511799,0.10068142112360912
WST,0.0001471686753011271,0.014825518203037695,-0.04980243703856727,23.150276534131137,-0.15838281997415804,0.14994148498510007
UAL,-0.00032753309365909146,0.02105681133731389,-0.6447454106424904,12.724493888435918,-0.21408154427628256,0.16284103404468941
WTW,4.319813512250774e-05,0.011341877880915365,-0.5344052352296093,12.713755176586321,-0.09196123797862564,0.09464130184851302
TXT,-9.495808764417329e-05,0.012702138262308774,-0.13614945724917468,20.137275957612836,-0.13678456860125565,0.11848400192261116
GIS,7.046787015004715e-05,0.010466368906879419,-0.5263665337281538,9.031789392973547,-0.08750995355740837,0.08650260853898344
WAT,0.00020100522998977072,0.013512285302396794,0.2785152986934721,24.31960240078814,-0.14120640058192072,0.17199268088217418
AVY,-4.298822240378113e-05,0.011408407747039306,0.6350825511051545,15.99215656972818,-0.100177448817093,0.1203890784479308
TGT,-1.0680887393959036e-05,0.017132579283565805,-1.470819716497475,44.02135736043443,-0.24628584261303244,0.1795654024360571
APD,6.380702677227608e-05,0.011679292246344706,-1.232021245671087,29.06021715620086,-0.1591299352481182,0.0999664420578383
AIG,-0.0002199290469519618,0.011524379120916523,-1.0071664597550694,12.652545595898886,-0.10744931241392569,0.08127208893568685
WM,0.00011251014501670483,0.008400862323647037,0.030892675827345464,17.48431151015001,-0.0913218378584797,0.07964495832175156
EFX,2.848047180408766e-05,0.013612615483032381,-1.5398235743683912,28.373609958171752,-0.17225386254430033,0.14280168312602948
GRMN,6.23520939669922e-05,0.013541911918746924,1.9919011824716408,44.15567748271714,-0.14175723853551153,0.20153488125116978
AXP,-0.00013947814151242464,0.011088847549037582,-0.16223628415187874,24.146458887995227,-0.1463739663971011,0.0995241741929944
JPM,-2.4598193341042324e-05,0.009027910509448817,0.43929625019555807,10.286796856384736,-0.06567772288340186,0.0819298104838851
AMGN,0.00014538857876950876,0.012161824079825164,0.05347698083510029,9.313108352033018,-0.09998546398735678,0.10759707088801089
HD,7.014112648257546e-05,0.009788790929152143,-0.1404488844305581,9.695610121739792,-0.08348524000487079,0.09930325971987874
KO,1.2424097291173304e-05,0.007694244512872162,-1.204438713396081,15.068974761039687,-0.08528066195309497,0.054115315273784693
NDSN,-2.0954306243762814e-05,0.01207042827236244,-0.13028344921978538,29.676272176406638,-0.12865722032617974,0.13119621423557623
CTAS,2.5257740316032587e-05,0.01054591638991148,0.8429624197955986,22.52895574482944,-0.11279940333306479,0.11829284553214348
ISRG,0.0003393699355098134,0.014265677660069002,0.9264468809087055,18.614079180022518,-0.11555968264469782,0.16207603865092018
CBOE,4.130636674561478e-05,0.013520779742987963,-0.40728258714840476,5.687094292875843,-0.11793551359776301,0.09186688658040915
AMD,0.00027338248892834705,0.0271791473053289,0.982691430013606,24.361955971427744,-0.2544969078543752,0.398065723403408
MSI,0.00014458202675410645,0.011552136493933478,0.3484312045620081,13.703639625299783,-0.08892309550217976,0.12712171852506224
MKC,0.00017601417344340926,0.01109396384473373,0.05843825679815861,16.769626209762926,-0.10774276696605097,0.10167051692273399
NTAP,0.00013267054414648236,0.01629546475269224,-0.3300352388786997,26.834499372853823,-0.20868145830444762,0.15642748003470208
BLDR,-0.00023832852067405742,0.02461199838585675,3.429501265474487,76.09167047870224,-0.21094108856962915,0.5163777736299829
TMO,7.557300498751953e-05,0.010836021288470263,0.3337728738192959,7.4530328637689,-0.061725043955467115,0.10234399314239712
HUBB,6.376968578741369e-05,0.011416188502573536,-0.45742990223447566,15.889203614767254,-0.11405801468872764,0.12261651218792208
VRSN,0.00010542956187080807,0.011294243519021533,0.8539068250535066,28.24272346545462,-0.12059833410742064,0.16408854173571133
JBHT,9.11976752419173e-05,0.0130254661522542,-0.1415297822612922,8.518746659731463,-0.10541247895904464,0.11415895099346196
BDX,8.265507553185726e-05,0.011025826043094518,-0.9815495824434621,15.024200138255779,-0.12732782310656088,0.07780505792563688
IFF,-9.181326540707366e-05,0.014689605393164419,-3.184477872590817,45.65729471890545,-0.20971234489501245,0.13796765298826308
NTRS,3.734319791042214e-05,0.0108270007821704,-0.13851913062384014,15.41322557303248,-0.09013483706880777,0.11476183513809017
WMT,0.0002574013751265023,0.011199193671130132,-0.46012653582371627,19.951094907986324,-0.12404576594974581,0.09793968579665312
SBUX,-1.2951883746323529e-05,0.013066803415120589,0.6336846944450516,40.95127903752222,-0.1713236347539651,0.20864429205752588
DAL,-0.00033856953144334787,0.016570074478790383,-1.807939308019538,24.839299091969643,-0.2082617429636251,0.11642437527503255
GOOGL,0.0002005316390326806,0.012450220800899926,0.8850969222469031,15.083693601807024,-0.09222949565445009,0.15330154874660934
FICO,0.0001670953107451833,0.014852084148813855,1.3068230176292006,20.47749705439436,-0.08540639631496233,0.19740267583342183
VLO,-0.00025842120504212266,0.01707594199517375,-0.20390724713392666,8.473068696413712,-0.1580653862607228,0.14927594252312604
BXP,-0.00021485368860705496,0.011643663578241587,-0.09970376607851106,7.0221061095160895,-0.10532944035904086,0.09384965629311103
TKO,0.0001509970866496532,0.024469806975795358,-4.675083135468529,109.19111468316184,-0.5632277904412197,0.14720300765039812
HSY,-1.8699743423236076e-05,0.01090698430954317,-0.0644586026513845,27.814166376568544,-0.135957443077136,0.1372896544886477
SPGI,-1.4477712476936185e-05,0.010070892709245475,-0.07488959197681089,8.929577985844457,-0.09201167311696018,0.07013329061026195
FTNT,0.0004669381541411264,0.019709630596891597,-1.2955457205518435,40.48417701077868,-0.2824247207731851,0.2333204476737555
RTX,-2.1580886270892192e-05,0.010727918201809659,-0.6080525626205796,13.843242358526101,-0.11021218707524008,0.09070898859177268
MAR,-0.00015592624796038004,0.012848009544871326,-0.714384947402938,13.175576549256423,-0.1555528977613695,0.09810582519037347
DHI,-9.260459934230091e-05,0.016319134857738088,-0.16316523695634738,5.940702745291828,-0.12422165097005519,0.10867295338439606
APH,0.00014852256514620503,0.008516396886642689,-0.2262724823228001,9.573804350696204,-0.07288340715047205,0.061077765712719057
JKHY,0.000161382868228697,0.01081899862709399,-1.4407141618340376,20.272133829066817,-0.13428271506280492,0.0752331867749306
ORCL,0.00022038929455540823,0.01332766482490016,0.16150921794987338,24.917595525914397,-0.14545966733057905,0.13642662415952342
TSCO,0.00015296928560727018,0.014841358151842727,-0.5205794512921338,13.284567001009872,-0.1789291455439687,0.1311757733265539
LDOS,4.1417938626929714e-05,0.01422440755106548,-1.982947678772041,33.2316897111276,-0.20209226240499154,0.09035173412292666
GD,4.59198384112067e-05,0.009174129631465992,0.13649661819758938,5.66451883927243,-0.0625051231124465,0.06970267136015498
NFLX,0.0003096080106996044,0.02338377199534007,-1.9491200564563695,50.2555208186962,-0.41814802323121175,0.16262552599207544
HBAN,-0.00015421191729023676,0.011477352954268856,-1.1735953418322935,18.22248747881138,-0.1450998345009597,0.0869242959140045
AZO,3.731665894196027e-05,0.013306329474670727,-0.8686342097732502,11.909982191402765,-0.12478596453598605,0.08970710080363209
META,0.00011834451235799417,0.018432786809340726,-1.831735482716255,49.889533006384134,-0.2775238231352329,0.1699211052599729
WELL,-0.00011067054401879445,0.012673000248421409,-0.2350628166308811,13.63601460809026,-0.10235888346463003,0.13394179244573917
YUM,4.301196871570182e-06,0.011640533048817812,-1.8897919488269435,59.77571457952709,-0.21966839448143397,0.1447642267185862
EXPE,-0.00017239246267297317,0.019833206390183867,-2.5423239403380378,43.7796272182995,-0.3232105099023785,0.13877398372847388
RJF,2.8035130759552845e-05,0.010810993662379498,0.20607793993891724,9.153445859276651,-0.08215959854109134,0.08261479761059887
ACGL,3.1236245021429006e-05,0.010797617120814246,-0.03340765532676899,5.270784858140878,-0.0636722066500186,0.07461452839278887
DIS,-0.00013678463673521182,0.012900365707642913,0.32473516981911016,18.218705915707357,-0.12372187986234172,0.13546470901760665
AJG,7.363130269235533e-05,0.008920940400723068,-0.6384489185625357,15.900385725269555,-0.10532501713882661,0.0840966748117053
RMD,0.00030902291326753256,0.016473087784034134,-1.5137180822387395,39.18772140915646,-0.22699673922410968,0.17357688358901885
NI,0.00010485362178176478,0.00926427000499169,-0.31203808201319094,20.8121312613422,-0.11624259398126173,0.11374261766466204
OXY,-0.0002693570132982153,0.017039605479693812,-3.573859628565752,124.23344042662852,-0.40129046254417683,0.20547096749850596
GS,-1.732251204420249e-05,0.010075762006625468,0.25606060964133914,7.27430382384418,-0.06492871526813504,0.08519388121146802
QCOM,-8.523537044261407e-06,0.016311430076117343,0.12296628269307032,23.807915757651365,-0.15911836730961554,0.20682606190030517
BG,-0.00010567943142545264,0.015899659508747825,-0.3226649020388294,18.59165429244945,-0.18955715012875463,0.15217574982406828
MMC,3.406447067461842e-05,0.007869274745744002,-0.49570452287782624,10.448320465825732,-0.07215278038318826,0.04985170546299306
ICE,0.00010238510144369842,0.010527501607253726,-0.4447836248167327,6.00866100628075,-0.08321519708576511,0.07270497505867847
SYK,7.144859274225724e-05,0.010803234795364566,0.01401148967453807,12.71655069723955,-0.09890629124286993,0.09347150685897912
APTV,-0.00032297612767201407,0.016393733621487976,-1.5354553772451407,22.090053363682582,-0.20595851677734653,0.10738020650887024
DHR,0.00010693965488939097,0.013713489001597166,16.106234571160773,565.016528462994,-0.07580667834844736,0.48471041041761453
DVN,-0.00036623387613218036,0.015740600487575994,-0.25737275168844614,5.748594227032193,-0.10784480588441095,0.09041273044877104
BBY,-2.9816549235495975e-05,0.020238357692618045,-1.2734190630302216,38.14989617417912,-0.3343741687886891,0.18550221858632926
CF,-8.421796821882767e-05,0.019215235716130496,-0.01924821038884645,3.0580533647766566,-0.12991346806716447,0.11830413884930359
TECH,0.00010910594092038863,0.014426107278725554,0.6574137903584536,10.246834092403263,-0.0956145808335338,0.15078580535600292
A,8.290598171495083e-05,0.011451002403236194,-0.3700061385335324,16.238263889848284,-0.12272454592610281,0.09127419681386659
HST,-0.0002518154879312865,0.013545708841705546,0.3422600522875049,8.313466183332741,-0.0798682876345389,0.14250443658872156
LOW,7.80554050267128e-06,0.012524357639804948,-0.5808477052662852,17.805881655616254,-0.14492761958081088,0.10569165510358411
TPL,0.00010693492331986585,0.02296517409796695,0.20788603005065348,6.545248509563407,-0.1446522938112752,0.19999396179090276
EQIX,0.0001992975631876778,0.01207630180306382,0.2730722589531031,6.047616608144564,-0.084777157262172,0.09939554246247319
BX,-0.00011141852280860898,0.014261617872763805,0.13826430668388168,3.2364196725447845,-0.07770736545114743,0.09337523147469029
C,-0.000161737109197711,0.010706837794038557,0.06350057868002557,8.39477478563427,-0.08112677866385587,0.10456928709484245
FDX,-6.48954619906916e-05,0.015250652098444565,-0.8753342688936416,42.547432627602454,-0.22960041643407947,0.15152728934460247
PFG,-0.00021447892607984957,0.010081962625775855,-0.19182077949677978,10.506190084636,-0.07127438754147267,0.08798692274728152
CAT,6.462156359187403e-05,0.011621646788652384,-0.25931483836074753,8.559381772606146,-0.08549160040420291,0.08595778611313991
DG,-8.381617494239816e-05,0.017178682329110125,-5.273667882020124,108.86700040708183,-0.3840749318227625,0.1167417022196675
FCX,-0.0003542615285728848,0.02263981454554576,-0.14221200455834038,5.73797645244921,-0.1580611563599959,0.16588640837939106
REG,-0.00013228766955918406,0.011154703898399055,0.3625970260838691,42.77865506193363,-0.14947229889561137,0.18403663285835578
HIG,-0.00011782600090195255,0.01169020159167372,0.9395525686233236,41.12486049841136,-0.11142756136371812,0.17579089535667075
DECK,-3.707077387801638e-05,0.02061701711447873,-0.20575326954543768,13.890058496575676,-0.20518157448084326,0.17788824324378108
APA,-0.0004617874464849624,0.02047941082007035,0.5509993067903258,41.86659593626628,-0.2921003793017105,0.28905111531371996
EQT,0.00010667031844879417,0.02641519734728086,2.1466244465850703,38.80584714409986,-0.17492356160869185,0.4471250244624104
CTRA,1.4105817755122992e-05,0.018571179608773143,0.33072134929356894,6.335700607566148,-0.1319418154586878,0.16250904975767563
CPB,8.151555007442623e-05,0.012849395037094324,-0.8273636662171395,13.424468805105068,-0.12618279961038767,0.09638582455191827
PODD,0.0002733971164301139,0.02254361592124307,0.496997303340234,10.009177895452154,-0.16050269249896712,0.19504296622239448
ZBRA,6.27449092492021e-05,0.01886069807698015,-1.4157106061737448,33.617128706176395,-0.256486389049785,0.14967900023167763
AMZN,0.0002412494207448355,0.015455499017681765,0.5982340057978709,15.725912234290767,-0.12565943609355004,0.14633741698099734
CNC,4.916288018551915e-05,0.018648976133024808,-0.1398707567571391,12.794644471658655,-0.2085804612018229,0.18115240377459563
ROP,7.215541732850669e-05,0.009345074953408358,-0.07302024004403607,12.682671179677737,-0.07123868725544683,0.08782468670739083
WY,-0.0001749073048682808,0.012177218577546764,-0.6251833721198232,11.144758097971401,-0.1446360986001075,0.0723464642237984
MS,-3.59999011137484e-05,0.010306532934594319,0.42141363260251097,5.231044633870756,-0.05815574229803361,0.07350905878086214
BIIB,-8.486786118869303e-05,0.023085477492859746,1.2358430443310215,83.86288257796842,-0.3595730151501386,0.35105637705542597
SRE,2.697514735921717e-05,0.009913783352740305,2.1550724441968216,35.64904237153798,-0.07343958394858412,0.14813714392393437
GWW,9.235679261465174e-05,0.013210955866785671,0.4798153587490449,24.94106309123677,-0.1465935371086539,0.1656917761507925
GL,-1.4258426281806869e-05,0.017720447781947105,-26.875807084714936,1150.8177702458363,-0.7479106576681976,0.14419517428233758
ERIE,0.00023217616956040815,0.014656341951618466,0.13447604294327453,21.886597996955928,-0.13965721757915722,0.17428053137498306
PGR,0.0001868889666313192,0.011583921716941064,-0.5623433991535884,15.406759807002754,-0.13978855397671808,0.08357293815764626
RCL,-0.0003276969099862734,0.02103627202566906,-0.08875441621477859,17.159247412251172,-0.21102706466011248,0.2112637690468004
EXC,4.4326460734513227e-05,0.009904710712336078,0.29644364699426545,11.729457166598776,-0.07157312469102466,0.12371665360175957
ELV,-3.5883410820698513e-05,0.014614329801545797,0.23775814085675506,10.329258870088681,-0.10976157434604482,0.1559477535794848
SYY,-0.00022335824045347275,0.012364548128184267,-0.5140168192959397,21.36711889714086,-0.1274140501727867,0.10852870685684411
L,2.7216398145107735e-05,0.008539320169567743,-0.5780597158867573,32.81004461822546,-0.13012450917573087,0.09454177968903461
PKG,7.39547184209713e-06,0.013005612856195758,-0.14749908538214218,13.406190262215066,-0.11875759340524608,0.09826365799435494
CL,1.3906025847572762e-05,0.008398795909442201,-0.13711507594999003,9.758394171246023,-0.06591162359141402,0.07509161877196169
PTC,7.273884087040992e-05,0.014486185995165853,-0.9615356078264143,26.611031924691414,-0.21053901588336932,0.13131541873257943
FAST,0.00022335128443805202,0.011956402971074403,0.6606837402644882,14.9181538585437,-0.07990053757578663,0.13432204572503947
EMR,-2.863274693594787e-05,0.010211932670830244,-0.5572085099903583,17.814487179030316,-0.12098782592680593,0.09373686579760601
FRT,-0.00018726047960197507,0.010744243729909297,0.10797733093185845,46.57129224644543,-0.1553606982826858,0.17553812554672588
HUM,7.501703863169223e-07,0.01739483370853387,-0.7522793061375083,22.226904553575658,-0.21421263538861565,0.18961740604958732
KEY,-0.00029240766997334103,0.013433816301633083,-2.940420018717035,70.01602790821447,-0.27627258199266,0.10945137012401662
D,2.8419563927510222e-05,0.008985817924720575,-0.7352031386842384,18.798157366490855,-0.11570045131490889,0.09602773508742753
BRK-B,8.198427489031844e-05,0.006361536280682813,0.22033122466763208,3.2038855387139686,-0.034117457234565024,0.043116262975990215
SO,0.000102361058795988,0.007920471476402404,1.306928252710505,26.583107273708347,-0.04318471333193624,0.12806744966666894
SCHW,-3.6440549049191735e-05,0.013955096466886877,-0.44910290142726533,11.165670304904445,-0.12939558283477176,0.0943443135685536
J,7.236844727412514e-05,0.011898930498034957,-0.2562116528446416,9.866503372497876,-0.09186109215335249,0.08576228401976894
SWK,-0.00018607128487173926,0.013179762283346573,-1.7727374798460072,27.87241714318191,-0.1866563541741804,0.08873880533733153
INTU,0.00012881397842164015,0.011751888492876814,-0.44175598975833813,11.932074706042275,-0.11144030546700986,0.090686634229189
AEE,0.00012874432852720845,0.008065134215047568,0.6505301866173182,16.195496540779228,-0.06897493632375941,0.10838738458584221
JNJ,7.712380123093125e-05,0.008510146572093442,-0.4973858504962874,10.33881976614985,-0.09517458968995766,0.05160698856813642
CLX,0.00012481255146031087,0.012271867394852864,-0.33809535192732754,20.058277246774022,-0.14895039386274653,0.11781692862275894
ODFL,0.0001356503670919379,0.014295160033816237,-0.2664233924984162,6.511418543695818,-0.1165617330256778,0.09223893421507953
GLW,6.175769476428058e-05,0.012180383404810362,0.7551642852120295,17.017813580574973,-0.09656466187075138,0.11331310026263118
ABBV,6.487993311917367e-05,0.014418713293036348,-1.069775576201911,18.1403227336631,-0.1682144844687424,0.12036651579849472
MTD,0.00013236386931816634,0.012250007557676438,0.6478602668855823,13.489844836360902,-0.08044108647162876,0.15484122005478027
DE,9.988411513977394e-05,0.013080325401445273,0.09003321096772356,13.751263539139899,-0.14539384404165667,0.1272325196851377
MGM,-0.0005269973771790588,0.01835131059765004,-0.6878955032531164,18.56281329009127,-0.23111298674912664,0.17397858178469966
TSN,-0.00016142646155615692,0.015717158110107165,-0.46719120374065864,22.517263661956214,-0.1751105576197308,0.17923094830384304
SPG,-0.0003334245111484628,0.013217746790667109,-1.437157434776148,23.110334775492174,-0.17243826143158789,0.0929244582347996
JBL,0.00023149240637166443,0.015363088227471778,0.04317391277376915,22.5886668748022,-0.17498990123603408,0.1584574219634516
PLD,1.735857719972006e-05,0.010215436594162868,-0.10893533738392079,6.2682063657672895,-0.07988900495187093,0.08285017334282807
CNP,-4.003056513805893e-05,0.010982094995070319,0.903861331338733,22.428413054880313,-0.08547866575805477,0.1557757494675668
PNW,5.542142215409034e-05,0.008548930522752022,-0.5594585154166065,7.425261741692395,-0.08429655719611517,0.054227755865567384
VTR,-0.0002784111790842987,0.014924496445552804,-4.236012825743711,71.86305955105286,-0.26568588352493844,0.10275669939519436
LYV,-0.00015759357926204933,0.0166876031254267,-0.13511483254079315,11.264421802182852,-0.1393757166538638,0.12656513126269903
CHD,9.887905543109034e-05,0.010348546836898804,-0.39783844914974115,11.668715800395384,-0.08951579439761796,0.08164563484183683
CSCO,0.00028305609205636373,0.01126855344707629,-0.7342919481099642,30.52440186675747,-0.14603176125612177,0.11534084232538047
FSLR,-6.77413461056647e-06,0.025981081511436844,0.47799272947329335,7.935043675077047,-0.15696620224933036,0.22468272254264218
HII,-2.6783895663967788e-05,0.014805151272795466,-2.8255118790747615,68.1196449875531,-0.296030200599099,0.1494471967537181
WRB,9.592388372963672e-05,0.00957138212185628,-0.5123269270757947,10.79684382119241,-0.08875211819331291,0.06531977122096999
BF-B,-3.6105160293599324e-05,0.01215159748219897,-0.44611714759624505,13.105226429658053,-0.11334677294214086,0.10373059346505452
TSLA,0.00030201593862345087,0.02950695555900866,0.07535741427140988,5.152518969526522,-0.20064882250904376,0.1905289111535499
DUK,2.220826427662372e-05,0.00699575593187727,0.22354471043525892,5.6445964707395255,-0.03607517895633511,0.060055014342491886
TAP,-0.0001025647321828719,0.014352285549969625,-0.3006081044927619,16.01566608800236,-0.1597167124675361,0.12476702323527573
RL,-9.057780443739415e-05,0.018162418760519338,-0.8504951021884393,28.690254357019338,-0.25947281259949406,0.1480495745230039
EW,0.0001494587817697041,0.017391487881225007,-4.032535003258183,91.10181288560919,-0.36709909376990413,0.14855137548246483
DOC,-0.00013668125205248488,0.011918006168927743,-1.3269944372843594,24.08851472549008,-0.17927732371512645,0.10976453395826137
ROK,-2.2421825019100526e-05,0.012798786237132645,-1.7340883071111142,30.691016825338995,-0.17472394693746016,0.10236101429898443
RSG,0.00014686588712861258,0.007677130866461533,-0.41565333356069983,7.543402564583795,-0.05770370674733387,0.04917963252599944
WYNN,-0.0005852085630807383,0.022523812143146284,0.35496672848086824,8.182605502647277,-0.1771158377666618,0.18303619623344636
PSX,-0.00024161864843377976,0.013516807002519823,-0.25546654907277494,7.164714496640041,-0.1161329031650225,0.10354696712678103
GM,-0.00023773952557893128,0.015169497449566794,0.5579732097405037,6.887938214889115,-0.08639465038554069,0.13398409709507442
TRMB,2.899262695502115e-05,0.015599487181169778,0.27476586379481227,34.238861384834884,-0.17835219936941804,0.1955283344176509
SNA,-1.0504516058675795e-05,0.01127789094354016,-0.24077779743133548,16.421212680662965,-0.10678774822778259,0.09724327989474285
EME,0.00012952256693065205,0.013502072476533816,0.37935073697080346,19.677945060634954,-0.1441283647135466,0.1590960264408029
MMM,4.7718744341432437e-05,0.011235502092787576,1.0984051865481321,49.23066713225229,-0.1289608859358406,0.19462560556018962
XYL,1.9688703240043518e-05,0.010874279931359468,-0.4450813840988589,12.751783115379586,-0.10845897619338324,0.09237080779909684
MOS,-0.0001943988876767394,0.019672532732547134,-0.6562291339302653,8.623428851133966,-0.2013937332446129,0.1163754953588989
XOM,-6.995368075597824e-05,0.00962460372914072,0.24773205396926615,3.9526903773510322,-0.05070678917725255,0.06400221675863192
FE,0.00012588517820367448,0.012039467228773745,-4.278281712886986,95.49509561771772,-0.2509426831193964,0.10319834840120781
TYL,0.00015886064856091313,0.013492776822385805,-0.4502828907763666,17.667014022202544,-0.15550095911944636,0.10190275492067945
LUV,-0.0002509853163304533,0.01647534272923127,-0.9454237627045411,10.095210980484527,-0.15738124104946744,0.09609080503150647
LII,6.568480714441224e-05,0.012604716480970064,-0.21287090936840034,6.305345858679875,-0.0902302278082511,0.08744568522487839
IP,-2.8225256451812397e-05,0.013050402320589159,0.08351877008984916,12.13711246825652,-0.10700394493252414,0.12552811804735808
COST,0.0002535541948180723,0.01017774546242333,-0.6932007517260713,10.804729915683259,-0.09300227065895171,0.05660197773076621
CAG,2.9359253606215466e-05,0.014282864557980916,0.23474830225077611,36.042254146545666,-0.17265655909843958,0.20535505467736503
MA,5.784085824744955e-05,0.010358821697237973,0.015475116283898943,7.3272875780850555,-0.07655844128140728,0.081536121007831
MPWR,0.00015587585192758084,0.015679146959406365,-0.2699651579225063,14.583203136639884,-0.14861757465363745,0.10862297222718538
VRTX,0.00015308787570039872,0.019025892802234646,1.9442142921966508,50.46800653319367,-0.2286029049798636,0.3360716203393805
LRCX,0.00011135860708719563,0.015279549886001768,0.4226798444050913,5.83496303425407,-0.07061812420883412,0.11425768176112464
PCAR,3.345404079050456e-06,0.010883652591751345,0.012964873654082935,10.946402238041355,-0.11275512286901816,0.10473748919881762
AES,-0.0002819923651127179,0.015236295941156566,-0.22239288144667846,5.910730208837608,-0.09907800737373508,0.09569091340243066
SW,-0.0002224340986711584,0.025735515218901946,-0.25400711023825995,12.3085326211576,-0.23582884123596531,0.22775841718515494
OKE,-0.0003823351510592555,0.015091774355751682,-2.9146158977336802,48.975358043599805,-0.27310256597222643,0.132143774098071
PAYX,0.0001245911860813916,0.009405981110065345,0.5100276722823119,26.654890669742056,-0.08426813343829187,0.13715966428517704
